{"lr": 0.001, "loss": 0.004639946855604649, "ssim": 0.4851939737796783, "psnr": 20.965421676635742, "image": {"_type": "image-file", "sha256": "9272db46efe97bb01962b494edf0b4d2defd1fae4cd7f8072097ce337de9c0fc", "size": 46832, "path": "media/images/image_299_9272db46efe97bb01962.png", "format": "png", "width": 1500, "height": 500}, "_timestamp": 1722378526.124214, "_runtime": 651.5519769191742, "_step": 299, "_wandb": {"runtime": 651}}