{"lr": 0.0001, "loss": 0.023645047346750894, "ssim": 0.9748896509408951, "psnr": 36.42935371398926, "image": {"_type": "image-file", "sha256": "615595ee78b4979a75c33628e3848b464fb0d68b52f7731e5c3bb401ea5f03b6", "size": 50133, "path": "media/images/image_299_615595ee78b4979a75c3.png", "format": "png", "width": 1500, "height": 500}, "_timestamp": 1729451610.0449047, "_runtime": 427.3071036338806, "_step": 299, "_wandb": {"runtime": 427}}