{"lr": 5e-05, "loss": 0.1561335407234543, "ssim": 0.6081509060329862, "psnr": 20.055594854884678, "image": {"_type": "image-file", "sha256": "e21b3616fb6c0dc967ece4f4c195ec2c3dbeaefe6ea04a3224a9dd18dfca9c42", "size": 43486, "path": "media/images/image_12_e21b3616fb6c0dc967ec.png", "format": "png", "width": 1500, "height": 500}, "_timestamp": 1730070362.7440102, "_runtime": 368.1116843223572, "_step": 13, "total_training_time_sec": 345.83424830436707, "_wandb": {"runtime": 367}}