{"lr": 9.964626657054113e-05, "loss": 0.03085064621908324, "ssim": 0.5233353508843316, "psnr": 20.965662214491104, "image": {"_type": "image-file", "sha256": "f1b02bd7b5dc1332ef967280e7686f393f66178086f219e31599baf3ea5cda46", "size": 48950, "path": "media/images/image_73_f1b02bd7b5dc1332ef96.png", "format": "png", "width": 1500, "height": 500}, "_timestamp": 1729502150.3343887, "_runtime": 713.5516626834869, "_step": 73}