{"lr": 7.087369034943899e-05, "loss": 0.03324409408701791, "ssim": 0.4971950600544612, "psnr": 20.459239217970108, "image": {"_type": "image-file", "sha256": "6e33d2dce24139ffbae2ea20ebf0448c5c51fe21f3efc28a82138fcfe2afceff", "size": 48393, "path": "media/images/image_99_6e33d2dce24139ffbae2.png", "format": "png", "width": 1500, "height": 500}, "_timestamp": 1729504792.7879605, "_runtime": 1012.3505976200104, "_step": 99, "_wandb": {"runtime": 1012}}