{"lr": 7.088437069425671e-05, "loss": 0.027257723598486154, "ssim": 0.5139620136469603, "psnr": 21.35269151793586, "image": {"_type": "image-file", "sha256": "726cde85f3cca20c4d069d0eca2b9c717e6f914b4c7b9b83d945b84b673cc2a3", "size": 44533, "path": "media/images/image_99_726cde85f3cca20c4d06.png", "format": "png", "width": 1500, "height": 500}, "_timestamp": 1729541909.093176, "_runtime": 1047.0985338687897, "_step": 99, "_wandb": {"runtime": 1046}}