{"lr": 7.088396011583524e-05, "loss": 0.027487866189423484, "ssim": 0.5190703005840381, "psnr": 21.375213040245903, "image": {"_type": "image-file", "sha256": "df89bdc064941af8a9410bccb082fe02fe459df7c9a00a09d4380c621ea74029", "size": 44782, "path": "media/images/image_99_df89bdc064941af8a941.png", "format": "png", "width": 1500, "height": 500}, "_timestamp": 1729539032.3073978, "_runtime": 1032.8089299201965, "_step": 99, "_wandb": {"runtime": 1032}}