{"lr": 0.00025, "loss": 0.044888807667626276, "ssim": 0.4275212056106991, "psnr": 20.31316481696235, "image": {"_type": "image-file", "sha256": "bfc12160d8ddd4e6441709851bc6bd03dc7ae8177a26b98c3788f1573c4bbd71", "size": 50162, "path": "media/images/image_299_bfc12160d8ddd4e64417.png", "format": "png", "width": 1500, "height": 500}, "_timestamp": 1729445149.1956325, "_runtime": 2581.621442556381, "_step": 299, "_wandb": {"runtime": 2579}}