{"lr": 0.00025, "loss": 0.04484685829707554, "ssim": 0.4540451036559211, "psnr": 20.63239097595215, "image": {"_type": "image-file", "sha256": "6b332c1fc38452faa97c19cd2ef02b2197c460e786be00b10e3df4ca6383abf4", "size": 51262, "path": "media/images/image_299_6b332c1fc38452faa97c.png", "format": "png", "width": 1500, "height": 500}, "_timestamp": 1729454495.1743798, "_runtime": 2699.9193868637085, "_step": 299, "_wandb": {"runtime": 2699}}