{"lr": 0.00025, "loss": 0.044758953745402986, "ssim": 0.4504442612330119, "psnr": 20.594102011786568, "image": {"_type": "image-file", "sha256": "a39a5ddfffd025d01bb517ad3a3208fa917197c5e72c838c8793401b646375c2", "size": 50411, "path": "media/images/image_299_a39a5ddfffd025d01bb5.png", "format": "png", "width": 1500, "height": 500}, "_timestamp": 1722630072.843376, "_runtime": 2545.1276960372925, "_step": 299, "_wandb": {"runtime": 2544}}