{"lr": 0.001, "loss": 0.05387356167747861, "ssim": 0.46917538510428536, "psnr": 21.05268923441569, "image": {"_type": "image-file", "sha256": "a6e471de07338a16edcec1cc1c2cb292a7c85a633cfa454029126c9025a72142", "size": 50377, "path": "media/images/image_106_a6e471de07338a16edce.png", "format": "png", "width": 1500, "height": 500}, "_timestamp": 1722628446.5892262, "_runtime": 918.8735463619232, "_step": 106}